{
  "hash": "1f8c9b37",
  "configHash": "178dbd31",
  "lockfileHash": "4b61a92d",
  "browserHash": "b14fd563",
  "optimized": {
    "@angular/common": {
      "src": "../../../../../../node_modules/@angular/common/fesm2022/common.mjs",
      "file": "@angular_common.js",
      "fileHash": "37e449b5",
      "needsInterop": false
    },
    "@angular/common/http": {
      "src": "../../../../../../node_modules/@angular/common/fesm2022/http.mjs",
      "file": "@angular_common_http.js",
      "fileHash": "bc45355a",
      "needsInterop": false
    },
    "@angular/core": {
      "src": "../../../../../../node_modules/@angular/core/fesm2022/core.mjs",
      "file": "@angular_core.js",
      "fileHash": "579728cf",
      "needsInterop": false
    },
    "@angular/forms": {
      "src": "../../../../../../node_modules/@angular/forms/fesm2022/forms.mjs",
      "file": "@angular_forms.js",
      "fileHash": "4dc8db55",
      "needsInterop": false
    },
    "@angular/platform-browser": {
      "src": "../../../../../../node_modules/@angular/platform-browser/fesm2022/platform-browser.mjs",
      "file": "@angular_platform-browser.js",
      "fileHash": "21a02dd0",
      "needsInterop": false
    },
    "@angular/router": {
      "src": "../../../../../../node_modules/@angular/router/fesm2022/router.mjs",
      "file": "@angular_router.js",
      "fileHash": "5ac3b61f",
      "needsInterop": false
    },
    "rxjs": {
      "src": "../../../../../../node_modules/rxjs/dist/esm5/index.js",
      "file": "rxjs.js",
      "fileHash": "e840eb53",
      "needsInterop": false
    }
  },
  "chunks": {
    "chunk-6R6GMINV": {
      "file": "chunk-6R6GMINV.js"
    },
    "chunk-3SYTFI7M": {
      "file": "chunk-3SYTFI7M.js"
    },
    "chunk-ZR2GWZBP": {
      "file": "chunk-ZR2GWZBP.js"
    },
    "chunk-PAGLIXZA": {
      "file": "chunk-PAGLIXZA.js"
    },
    "chunk-RMG632KN": {
      "file": "chunk-RMG632KN.js"
    },
    "chunk-PJVWDKLX": {
      "file": "chunk-PJVWDKLX.js"
    }
  }
}