{
  "hash": "1f8c9b37",
  "configHash": "178dbd31",
  "lockfileHash": "4b61a92d",
  "browserHash": "b14fd563",
  "optimized": {
    "@angular/common": {
      "src": "../../../../../../node_modules/@angular/common/fesm2022/common.mjs",
      "file": "@angular_common.js",
      "fileHash": "5bea6103",
      "needsInterop": false
    },
    "@angular/common/http": {
      "src": "../../../../../../node_modules/@angular/common/fesm2022/http.mjs",
      "file": "@angular_common_http.js",
      "fileHash": "c85dc45c",
      "needsInterop": false
    },
    "@angular/core": {
      "src": "../../../../../../node_modules/@angular/core/fesm2022/core.mjs",
      "file": "@angular_core.js",
      "fileHash": "979eea7a",
      "needsInterop": false
    },
    "@angular/forms": {
      "src": "../../../../../../node_modules/@angular/forms/fesm2022/forms.mjs",
      "file": "@angular_forms.js",
      "fileHash": "85f1bfca",
      "needsInterop": false
    },
    "@angular/platform-browser": {
      "src": "../../../../../../node_modules/@angular/platform-browser/fesm2022/platform-browser.mjs",
      "file": "@angular_platform-browser.js",
      "fileHash": "22b5be8c",
      "needsInterop": false
    },
    "@angular/router": {
      "src": "../../../../../../node_modules/@angular/router/fesm2022/router.mjs",
      "file": "@angular_router.js",
      "fileHash": "5998ba4d",
      "needsInterop": false
    },
    "rxjs": {
      "src": "../../../../../../node_modules/rxjs/dist/esm5/index.js",
      "file": "rxjs.js",
      "fileHash": "d0ec3cca",
      "needsInterop": false
    }
  },
  "chunks": {
    "chunk-BPNHPI44": {
      "file": "chunk-BPNHPI44.js"
    },
    "chunk-5ENFOKIQ": {
      "file": "chunk-5ENFOKIQ.js"
    },
    "chunk-MWDVN3PR": {
      "file": "chunk-MWDVN3PR.js"
    },
    "chunk-TD4FI3JP": {
      "file": "chunk-TD4FI3JP.js"
    },
    "chunk-RMG632KN": {
      "file": "chunk-RMG632KN.js"
    },
    "chunk-PJVWDKLX": {
      "file": "chunk-PJVWDKLX.js"
    }
  }
}